{"schemaVersion":"1.0","appDefinitionTemplate":{"id":"/providers/Microsoft.PowerApps/apps/","type":"Microsoft.PowerApps/apps","tags":{"primaryDeviceWidth":"1366","primaryDeviceHeight":"768","supportsPortrait":"true","supportsLandscape":"true","primaryFormFactor":"Tablet","showStatusBar":"false","publisherVersion":"3.25031.7","minimumRequiredApiVersion":"2.2.0","hasComponent":"false","hasUnlockedComponent":"false","isUnifiedRootApp":"false","sienaVersion":"20250313T151320Z-3.25031.7.0"},"properties":{"appVersion":"2025-03-13T15:13:20Z","lifeCycleId":"Published","createdByClientVersion":{"major":3,"minor":25031,"build":7,"revision":0,"majorRevision":0,"minorRevision":0},"minClientVersion":{"major":3,"minor":25031,"build":7,"revision":0,"majorRevision":0,"minorRevision":0},"backgroundColor":"RGBA(0,176,240,1)","backgroundImageUri":"/6466500854561614602/Nf556889f-7521-4844-9e5e-07d44a6a7f41-logoSmallFile","displayName":"TilauksetApp","description":"","commitMessage":"","appUris":{"documentUri":{"value":"/6466500854561614602/N5334a93e-e021-4d79-a244-c5c47545cc4b-document.msapp"},"imageUris":[],"additionalUris":[{"isSolutionAware":false,"value":"/6466500854561614602/N5373da82-79ec-4c49-a1b1-bbe24697ab00-identity.json"}]},"createdTime":"0001-01-01T00:00:00Z","lastModifiedTime":"0001-01-01T00:00:00Z","sharedGroupsCount":0,"sharedUsersCount":0,"connectionReferences":{"f95cd7c1-e24c-4a69-92a5-a267198a6016":{"id":"f49d1e52-58bd-4199-a282-8e2d3de52127","displayName":"Excel Online (для бизнеса)","iconUri":"https://connectoricons-prod.azureedge.net/releases/v1.0.1718/1.0.1718.3946/excelonlinebusiness/icon.png","dataSources":["Tuotteet"],"dependencies":[],"dependents":[],"parameterHints":{},"parameterHintsV2":{},"isOnPremiseConnection":false,"bypassConsent":false,"dataSets":{"groups%252F2d79fa36-24b7-4a1b-9406-4238fe5a2490,b%2521ryG6sOV18UOt8n7Rsz6VhnXeevJnHu9Kk4t4CNcjxInVL2sV29yiQKci6cfVQdgt,012RKTZ3CXP4QXQ3IPZVBI355M3CXZHXYX":{"dataSources":{"Tuotteet":{"tableName":"{5DFEA8E1-9CC6-4B82-9E7D-A78D8D5BE487}"}}}},"apiTier":"Standard","isCustomApiConnection":false,"actions":["providers/PowerPlatform.Governance/Operations/Read"]},"4f1f5e64-b0e0-47d3-9092-62d6b9ad89c2":{"id":"028a892a-078b-4154-8d92-32b03785f31c","displayName":"SharePoint","iconUri":"https://conn-afd-prod-endpoint-bmc9bqahasf3grgk.b01.azurefd.net/releases/v1.0.1738/1.0.1738.4131/sharepointonline/icon.png","dataSources":["Lahjalista"],"dependencies":[],"dependents":[],"parameterHints":{},"parameterHintsV2":{},"isOnPremiseConnection":false,"bypassConsent":false,"dataSets":{"https://amksavonia.sharepoint.com/sites/PowerAppskevt20252":{"dataSources":{"Lahjalista":{"tableName":"5cc6dab4-0ae4-4910-b378-263b3360ee06"}}}},"apiTier":"Standard","isCustomApiConnection":false,"actions":["providers/PowerPlatform.Governance/Operations/Read","providers/PowerPlatform.Governance/Operations/Write"]}},"databaseReferences":{},"almMode":"Environment","performanceOptimizationEnabled":true,"canConsumeAppPass":false,"enableModernRuntimeMode":false,"executionRestrictions":{"isTeamsOnly":false,"dataLossPreventionEvaluationResult":{"status":"Compliant","lastEvaluationDate":"2025-03-11T21:06:14.2380865Z","violations":[],"violationsByPolicy":[],"violationErrorMessage":"Приложение использует следующие соединители: ."}}},"isAppComponentLibrary":false,"appType":"ClassicCanvasApp","appComponents":[]}}