{"schemaVersion":"1.0","appDefinitionTemplate":{"id":"/providers/Microsoft.PowerApps/apps/","type":"Microsoft.PowerApps/apps","tags":{"primaryDeviceWidth":"1366","primaryDeviceHeight":"768","supportsPortrait":"true","supportsLandscape":"true","primaryFormFactor":"Tablet","showStatusBar":"false","publisherVersion":"3.25014.14","minimumRequiredApiVersion":"2.2.0","hasComponent":"false","hasUnlockedComponent":"false","isUnifiedRootApp":"false","sienaVersion":"20250207T140259Z-3.25014.14.0"},"properties":{"appVersion":"2025-02-07T14:02:59Z","lifeCycleId":"Published","createdByClientVersion":{"major":3,"minor":25014,"build":14,"revision":0,"majorRevision":0,"minorRevision":0},"minClientVersion":{"major":3,"minor":25014,"build":14,"revision":0,"majorRevision":0,"minorRevision":0},"backgroundColor":"RGBA(0,176,240,1)","backgroundImageUri":"/10699579210026591904/N9418e54c-31b9-4acb-8159-d3cc1ae2276c-logoSmallFile","displayName":"Hampur","description":"","commitMessage":"","appUris":{"documentUri":{"value":"/10699579210026591904/Nb5b5dd47-58d7-4527-82aa-f04c10da67a5-document.msapp"},"imageUris":[],"additionalUris":[{"isSolutionAware":false,"value":"/10699579210026591904/N86d27eda-eb3f-4b3d-8e34-d85a3b99d255-identity.json"}]},"createdTime":"0001-01-01T00:00:00Z","lastModifiedTime":"0001-01-01T00:00:00Z","sharedGroupsCount":0,"sharedUsersCount":0,"connectionReferences":{},"databaseReferences":{},"almMode":"Environment","performanceOptimizationEnabled":false,"canConsumeAppPass":false,"enableModernRuntimeMode":false,"executionRestrictions":{"isTeamsOnly":false,"dataLossPreventionEvaluationResult":{"status":"Compliant","lastEvaluationDate":"2025-02-07T14:03:00.7623821Z","violations":[],"violationsByPolicy":[],"violationErrorMessage":"Приложение использует следующие соединители: ."}}},"isAppComponentLibrary":false,"appType":"ClassicCanvasApp","appComponents":[]}}